ego_s,"s_ahead， vs, v_ahead",s_ahead,vs,v_ahead
2000.0000025866925,,2050.000001026559,0.0,0.0
