u,du,Cur_acc,q,ru,rdu
3.0,30.0,7.41562263921758e-07,0.05,1,1
3.0,0.0,-8.315097055611266e-07,0.05,1,1
3.0,0.0,1.03916751835893e-06,0.05,1,1
