ego_s,"s_ahead， vs, v_ahead",s_ahead,vs,v_ahead
2000.0000025866925,,2050.000001026559,0.0,0.0
2000.0000025866925,,2050.0019393796993,8.3151898811854e-08,0.004426540742587157
2000.0000025866925,,2050.002235138802,2.076581441368844e-08,0.00018111911650865443
