vs,vs_cmd,throttle
0.0,0.30000000000000004,1.0
8.3151898811854e-08,0.79808502197604,1.0
2.076581441368844e-08,0.5098422050476193,1.0
