u,du,Cur_acc,q,ru,rdu
2.9999999999999725,29.999999999999723,7.41562263921758e-07,0.20113482,0.06920318,0.18348393
3.0,2.753353101070388e-13,-8.315097055611266e-07,0.9759369,0.614162,0.19146048
