ego_s,s_ahead
2000.0000025866925,2070.000029115585
2000.0000025866925,2070.0019256365226
