vs,vs_cmd,throttle
0.0,0.29999999999999727,1.0
8.3151898811854e-08,0.79808502197604,1.0
